variable,mean,sd
LGBT Community Connectedness scale (1-4),2.9693729163602347,0.5598005928999923
Social Wellbeing scale (1-7),4.665067835256114,0.9096390023514661
